id,first_name,last_name,email,gender,ip_address
1,Zacherie,Warder,zwarder0@sitemeter.com,Male,246.217.110.172
2,Nikolas,Wilhelmy,nwilhelmy1@yolasite.com,Male,166.155.137.55
3,Rosamond,Farre,rfarre2@msu.edu,Polygender,36.157.73.89
4,Nora,Gotthard.sf,ngotthardsf3@thetimes.co.uk,Bigender,132.33.173.38
5,Tami,Knotton,tknotton4@columbia.edu,Genderfluid,130.113.4.37
6,Heida,Crossby,hcrossby5@sourceforge.net,Genderfluid,49.137.169.173
7,Noreen,Tapply,ntapply6@sfgate.com,Non-binary,192.186.61.55
8,Cassaundra,Larratt,clarratt7@spotify.com,Female,12.91.162.179
9,Eddie,Bridywater,ebridywater8@whitehouse.gov,Male,141.213.164.174
10,Marielle,Noddle,mnoddle9@elegantthemes.com,Agender,26.99.25.41
11,Aube,Gawkes,agawkesa@i2i.jp,Male,194.14.30.101
12,Keelia,Barten,kbartenb@last.fm,Genderfluid,90.83.31.125
13,Holli,Byne,hbynec@howstuffworks.com,Genderfluid,48.201.216.80
14,Kaycee,Fairlaw,kfairlawd@princeton.edu,Non-binary,243.156.46.79
15,Roosevelt,Dyet,rdyete@oakley.com,Genderfluid,176.105.43.205
16,Elspeth,Grunwald,egrunwaldf@google.it,Female,31.162.155.28
17,Tonie,O'Devey,todeveyg@prlog.org,Agender,92.214.33.171
18,Dell,McCerery,dmccereryh@hao123.com,Male,122.136.146.52
19,Noble,Messenbird,nmessenbirdi@discuz.net,Bigender,179.146.113.64
20,Stan,Chisolm,schisolmj@pinterest.com,Polygender,116.30.219.215
21,Hildegaard,Mc Cahey,hmccaheyk@sourceforge.net,Non-binary,158.57.49.252
22,Yul,Vallentin,yvallentinl@geocities.com,Non-binary,253.181.123.101
23,Agata,Tracy,atracym@issuu.com,Polygender,93.45.162.164
24,Duncan,Heinle,dheinlen@feedburner.com,Genderqueer,56.37.86.83
25,Brod,Walstow,bwalstowo@bravesites.com,Genderqueer,237.146.95.171
26,Bowie,Bricket,bbricketp@newyorker.com,Genderqueer,127.118.123.206
27,Isaac,Morratt,imorrattq@china.com.cn,Male,114.177.213.212
28,Kylie,Tweedell,ktweedellr@mozilla.org,Male,83.247.135.53
29,Sorcha,Pendrigh,spendrighs@msu.edu,Male,131.125.201.236
30,Carce,Rainey,craineyt@cmu.edu,Male,218.215.149.177
31,Camila,Dallin,cdallinu@artisteer.com,Agender,25.116.124.89
32,Adiana,Germon,agermonv@plala.or.jp,Male,141.57.107.248
33,Hadlee,Girdwood,hgirdwoodw@hugedomains.com,Male,147.160.59.36
34,Scarlet,Filkov,sfilkovx@cmu.edu,Genderqueer,246.36.187.186
35,Rod,Rysom,rrysomy@pbs.org,Genderqueer,230.181.142.217
36,Isidro,Satchel,isatchelz@meetup.com,Agender,182.114.148.173
37,Dominga,Daymont,ddaymont10@bloglovin.com,Non-binary,230.196.198.185
38,Estevan,Divis,edivis11@php.net,Genderfluid,128.223.186.207
39,Jaclyn,Mounch,jmounch12@xrea.com,Male,146.23.255.226
40,Trumann,Wiles,twiles13@surveymonkey.com,Polygender,198.102.222.139
41,Jarrett,Arnecke,jarnecke14@gov.uk,Non-binary,80.136.109.143
42,Mattias,Cartmel,mcartmel15@issuu.com,Non-binary,71.40.14.210
43,Juliette,Byrd,jbyrd16@feedburner.com,Genderqueer,236.122.84.41
44,Hasheem,Rahlof,hrahlof17@google.com,Male,84.90.69.143
45,Savina,Tipple,stipple18@wikispaces.com,Genderfluid,151.159.95.249
46,Prudy,Grimbaldeston,pgrimbaldeston19@whitehouse.gov,Agender,210.171.15.202
47,Demetrius,Mayho,dmayho1a@hao123.com,Agender,137.232.13.183
48,Clarance,Mattheus,cmattheus1b@geocities.jp,Genderfluid,130.81.178.119
49,Haleigh,McGraffin,hmcgraffin1c@nih.gov,Polygender,86.108.31.164
50,Trish,Draycott,tdraycott1d@thetimes.co.uk,Bigender,168.7.104.70
51,Jere,Hercock,jhercock1e@istockphoto.com,Female,105.152.244.169
52,Creigh,Brassill,cbrassill1f@unesco.org,Polygender,66.155.171.27
53,Stafford,Alpine,salpine1g@addthis.com,Genderqueer,142.112.201.99
54,Hewitt,Liverock,hliverock1h@sogou.com,Bigender,73.139.7.75
55,Ira,Silver,isilver1i@usatoday.com,Non-binary,208.171.149.102
56,Fred,Natt,fnatt1j@histats.com,Agender,82.145.23.198
57,Carolus,Wickliffe,cwickliffe1k@cbc.ca,Female,77.122.94.117
58,Edan,Sayer,esayer1l@ucsd.edu,Polygender,121.244.239.146
59,Cornall,Mollnar,cmollnar1m@jiathis.com,Male,219.96.91.142
60,Caitlin,Westgarth,cwestgarth1n@statcounter.com,Bigender,97.187.81.2
61,Raddie,Filippucci,rfilippucci1o@cyberchimps.com,Agender,125.67.207.14
62,Brittney,Angerstein,bangerstein1p@dailymotion.com,Bigender,61.88.226.154
63,Kenton,Eland,keland1q@rakuten.co.jp,Female,5.7.111.43
64,Georgina,Betteson,gbetteson1r@vistaprint.com,Female,67.150.237.19
65,Delila,Stemson,dstemson1s@oaic.gov.au,Male,157.216.71.238
66,Kristian,Scrimgeour,kscrimgeour1t@creativecommons.org,Genderfluid,46.43.174.226
67,Frankie,Dagger,fdagger1u@51.la,Agender,166.100.27.195
68,Delia,Winchcombe,dwinchcombe1v@nyu.edu,Non-binary,126.67.28.30
69,Paolo,Jedrzejczak,pjedrzejczak1w@cnet.com,Male,172.234.125.100
70,Wileen,Manvell,wmanvell1x@google.ru,Non-binary,208.163.82.156
71,Farleigh,Myles,fmyles1y@livejournal.com,Agender,244.181.136.36
72,Meggie,Miettinen,mmiettinen1z@dot.gov,Genderfluid,167.130.146.213
73,Carly,Matiewe,cmatiewe20@redcross.org,Genderfluid,175.139.188.96
74,Willow,Darben,wdarben21@behance.net,Genderqueer,149.11.167.127
75,Eleonora,Crilly,ecrilly22@unesco.org,Male,65.85.154.70
76,Joyann,Simonassi,jsimonassi23@arstechnica.com,Agender,130.182.80.156
77,Shirl,Male,smale24@unesco.org,Non-binary,155.19.171.28
78,Lilias,Mulmuray,lmulmuray25@ameblo.jp,Genderfluid,84.77.32.105
79,Wini,McAne,wmcane26@indiatimes.com,Female,183.170.248.148
80,Amby,Duckels,aduckels27@behance.net,Male,58.13.245.106
81,Chrissie,Caught,ccaught28@amazonaws.com,Genderfluid,50.68.47.106
82,Kristel,Welford,kwelford29@state.gov,Genderfluid,127.118.102.27
83,Emmaline,Treasure,etreasure2a@sfgate.com,Genderfluid,32.133.206.242
84,Daile,Shelmardine,dshelmardine2b@sakura.ne.jp,Male,63.194.201.223
85,Janenna,Rowena,jrowena2c@phoca.cz,Polygender,234.218.181.98
86,Halette,Tousy,htousy2d@arizona.edu,Bigender,141.102.187.208
87,Caritta,Colleford,ccolleford2e@homestead.com,Genderqueer,96.164.165.35
88,Nevsa,Ivetts,nivetts2f@instagram.com,Polygender,110.225.224.147
89,Charleen,Lafayette,clafayette2g@psu.edu,Genderfluid,97.98.107.250
90,Jocelin,Minchinden,jminchinden2h@netlog.com,Polygender,132.42.193.121
91,Broderick,Darker,bdarker2i@sphinn.com,Genderqueer,127.143.47.210
92,Elisabeth,Powdrell,epowdrell2j@admin.ch,Female,221.3.147.44
93,Hyacinthia,Tessyman,htessyman2k@exblog.jp,Genderfluid,58.49.72.91
94,Reinwald,Coe,rcoe2l@paginegialle.it,Bigender,151.141.204.57
95,Helenelizabeth,Barnaclough,hbarnaclough2m@vimeo.com,Female,179.120.166.226
96,Gardie,Artus,gartus2n@unblog.fr,Genderfluid,250.186.139.14
97,Ragnar,Shimman,rshimman2o@state.gov,Genderfluid,157.49.146.77
98,Ailina,Durnall,adurnall2p@clickbank.net,Genderfluid,25.102.95.120
99,Colver,Vizor,cvizor2q@spotify.com,Non-binary,208.67.192.117
100,Jillene,Angrock,jangrock2r@eventbrite.com,Polygender,96.165.33.0
101,Judith,Woolvin,jwoolvin2s@goo.gl,Polygender,22.253.160.231
102,Marietta,Milksop,mmilksop2t@etsy.com,Bigender,132.219.77.27
103,Leland,Grishechkin,lgrishechkin2u@patch.com,Agender,117.124.162.151
104,Ross,Tankus,rtankus2v@weebly.com,Female,39.235.110.32
105,Vern,Heffy,vheffy2w@army.mil,Female,32.94.61.74
106,Mathilde,Coppo,mcoppo2x@howstuffworks.com,Male,85.240.200.237
107,Erinna,Jeroch,ejeroch2y@networksolutions.com,Male,181.65.217.18
108,Mariele,Rawlcliffe,mrawlcliffe2z@dell.com,Non-binary,69.58.237.174
109,Jerrine,Heinig,jheinig30@sfgate.com,Non-binary,147.243.95.40
110,Cherry,Sommerland,csommerland31@mapy.cz,Male,129.122.199.169
111,Jena,Winspeare,jwinspeare32@google.com,Agender,2.160.135.193
112,Arleyne,Munden,amunden33@weebly.com,Female,141.228.44.23
113,Vallie,Puddin,vpuddin34@loc.gov,Non-binary,7.60.231.56
114,Thomasin,Nattrass,tnattrass35@ihg.com,Male,91.55.20.242
115,Candida,Bladesmith,cbladesmith36@hostgator.com,Genderfluid,46.58.14.90
116,Farrah,Skarman,fskarman37@bizjournals.com,Genderqueer,64.49.246.244
117,Brunhilda,Snelle,bsnelle38@epa.gov,Non-binary,96.193.57.69
118,Sharia,Peoples,speoples39@ameblo.jp,Polygender,255.19.188.155
119,Fredric,Stiger,fstiger3a@wordpress.com,Non-binary,248.148.101.203
120,Kaja,MacAlester,kmacalester3b@1688.com,Polygender,125.43.88.7
121,Randell,Kinzett,rkinzett3c@plala.or.jp,Genderfluid,29.148.185.46
122,Linea,Elcocks,lelcocks3d@hp.com,Genderfluid,196.235.56.193
123,Stanislaus,Fossey,sfossey3e@shop-pro.jp,Bigender,188.186.120.166
124,Whitaker,Milazzo,wmilazzo3f@nature.com,Polygender,76.111.77.162
125,Omar,Leggen,oleggen3g@gmpg.org,Male,89.181.54.254
126,Kristofor,Foulcher,kfoulcher3h@homestead.com,Female,219.18.109.236
127,Ollie,Proschke,oproschke3i@instagram.com,Polygender,198.229.108.105
128,Nicolais,Rackham,nrackham3j@webeden.co.uk,Female,42.112.205.194
129,Giselbert,McInility,gmcinility3k@hatena.ne.jp,Bigender,58.235.228.7
130,Melisandra,Jerson,mjerson3l@hibu.com,Agender,114.131.31.71
131,Otes,Frontczak,ofrontczak3m@mayoclinic.com,Female,6.143.70.130
132,Bili,Camilli,bcamilli3n@webeden.co.uk,Genderfluid,13.202.59.132
133,Curry,Darte,cdarte3o@squarespace.com,Genderqueer,214.38.84.226
134,Ingeberg,Shimwall,ishimwall3p@mayoclinic.com,Genderqueer,76.247.77.132
135,Dede,Abramzon,dabramzon3q@facebook.com,Female,180.22.211.236
136,Golda,Pirouet,gpirouet3r@gizmodo.com,Non-binary,61.195.74.231
137,Roda,Merrick,rmerrick3s@tmall.com,Bigender,139.92.161.209
138,Greer,Hagston,ghagston3t@surveymonkey.com,Genderfluid,227.242.102.158
139,Garey,Duling,gduling3u@i2i.jp,Polygender,204.113.204.186
140,Hogan,Fanshawe,hfanshawe3v@tamu.edu,Non-binary,239.74.10.129
141,Holli,Coverlyn,hcoverlyn3w@vinaora.com,Genderfluid,246.71.48.150
142,Mercedes,Afonso,mafonso3x@prweb.com,Male,185.187.63.186
143,Even,Goering,egoering3y@smh.com.au,Polygender,8.113.203.5
144,Carr,Fleote,cfleote3z@shop-pro.jp,Genderqueer,13.87.179.17
145,Alvin,Hassewell,ahassewell40@microsoft.com,Female,115.166.85.172
146,Mirabel,Cheesley,mcheesley41@unc.edu,Non-binary,101.124.192.97
147,Bert,Broadhead,bbroadhead42@google.ru,Genderfluid,47.56.98.182
148,Ruthann,Bromby,rbromby43@domainmarket.com,Genderqueer,23.27.245.87
149,Sherlock,Steaning,ssteaning44@discuz.net,Female,196.81.164.102
150,Parsifal,Minnock,pminnock45@t.co,Bigender,220.250.109.255
151,Regen,Rousell,rrousell46@moonfruit.com,Genderqueer,142.28.126.24
152,Karilynn,Beastall,kbeastall47@yahoo.com,Agender,24.55.254.191
153,Meris,Descroix,mdescroix48@livejournal.com,Polygender,156.49.26.161
154,Joline,Goodyear,jgoodyear49@digg.com,Genderfluid,130.60.45.140
155,Tanny,O'Fihily,tofihily4a@apache.org,Agender,121.221.210.86
156,Sybil,Taffee,staffee4b@edublogs.org,Polygender,228.143.190.155
157,Anne-marie,Goning,agoning4c@printfriendly.com,Genderfluid,113.178.227.157
158,Melisa,Cowlam,mcowlam4d@hugedomains.com,Genderqueer,233.246.11.154
159,Bert,Jansen,bjansen4e@bloglovin.com,Non-binary,72.49.43.213
160,Damita,Morston,dmorston4f@weather.com,Female,2.240.3.151
161,Ninnette,Latour,nlatour4g@phoca.cz,Female,156.146.168.41
162,Audra,Bigglestone,abigglestone4h@etsy.com,Non-binary,209.118.152.149
163,Denys,Baybutt,dbaybutt4i@indiatimes.com,Male,189.114.227.245
164,Lisle,Fishburn,lfishburn4j@europa.eu,Bigender,192.112.90.183
165,Abbe,Arnason,aarnason4k@nymag.com,Polygender,96.41.10.213
166,Christalle,Sidworth,csidworth4l@t-online.de,Genderqueer,243.219.163.228
167,Nevin,Broggio,nbroggio4m@vistaprint.com,Polygender,192.75.62.115
168,Lanni,Sissel,lsissel4n@dagondesign.com,Polygender,108.222.110.114
169,Minerva,Ablett,mablett4o@over-blog.com,Female,230.79.249.242
170,Harrie,Spencers,hspencers4p@twitpic.com,Bigender,236.153.170.97
171,Janine,Keunemann,jkeunemann4q@gizmodo.com,Non-binary,179.155.173.54
172,Orbadiah,Fildes,ofildes4r@myspace.com,Non-binary,37.254.106.230
173,Reggie,Aleswell,raleswell4s@imgur.com,Female,126.180.31.34
174,Farlay,Ramstead,framstead4t@elpais.com,Bigender,122.58.223.100
175,Cathlene,Lazenby,clazenby4u@princeton.edu,Bigender,68.169.188.89
176,Randal,Barringer,rbarringer4v@blogs.com,Polygender,97.93.63.217
177,Hinze,Colenutt,hcolenutt4w@github.com,Non-binary,100.161.71.37
178,Teddi,Felce,tfelce4x@accuweather.com,Agender,75.144.226.70
179,Damiano,Rispen,drispen4y@behance.net,Agender,168.40.244.243
180,Chico,Commander,ccommander4z@ucoz.ru,Genderfluid,228.61.184.123
181,Sammy,Lowrance,slowrance50@marketwatch.com,Genderfluid,87.55.220.9
182,Carlie,McLarnon,cmclarnon51@cbslocal.com,Agender,235.189.247.239
183,Cornall,Ceillier,cceillier52@wp.com,Genderfluid,237.245.39.35
184,Chrisse,McHarry,cmcharry53@europa.eu,Polygender,238.160.96.6
185,Natalina,Shambrooke,nshambrooke54@blogs.com,Genderqueer,148.128.167.12
186,Casey,Balsellie,cbalsellie55@sciencedirect.com,Non-binary,226.60.103.50
187,Briney,Height,bheight56@reddit.com,Male,223.31.177.155
188,Tobias,Fendlen,tfendlen57@mtv.com,Non-binary,239.83.35.84
189,Bessie,Reuter,breuter58@time.com,Genderfluid,131.252.193.116
190,Adrianne,Minerdo,aminerdo59@army.mil,Male,24.28.4.238
191,Viv,Jon,vjon5a@google.com,Male,163.198.44.245
192,Heda,Fluger,hfluger5b@meetup.com,Polygender,167.205.68.199
193,Walliw,Sherrock,wsherrock5c@cyberchimps.com,Genderfluid,177.175.236.116
194,Nerty,Bithell,nbithell5d@themeforest.net,Bigender,164.75.53.213
195,Dirk,Rzehor,drzehor5e@google.es,Male,35.218.226.118
196,Frasco,Peachman,fpeachman5f@canalblog.com,Agender,159.246.223.187
197,Jesse,Spino,jspino5g@hostgator.com,Agender,60.213.121.104
198,Danyelle,Muge,dmuge5h@github.com,Genderfluid,116.158.214.110
199,Cybil,Koschek,ckoschek5i@histats.com,Polygender,176.49.206.218
200,Lolly,Creasey,lcreasey5j@intel.com,Non-binary,92.28.76.180
201,Wiley,Philippet,wphilippet5k@time.com,Agender,162.107.109.49
202,Alaster,Grzegorecki,agrzegorecki5l@house.gov,Agender,160.205.210.66
203,Derry,Larmouth,dlarmouth5m@adobe.com,Agender,105.241.88.244
204,Benedict,Piaggia,bpiaggia5n@github.io,Female,155.0.9.170
205,Rodney,Serot,rserot5o@wisc.edu,Agender,92.106.93.47
206,Valina,Wethey,vwethey5p@acquirethisname.com,Non-binary,255.7.216.235
207,Romola,Stockton,rstockton5q@360.cn,Non-binary,210.102.240.81
208,Gregorio,Riply,griply5r@moonfruit.com,Polygender,2.102.24.185
209,Ashlee,Chatenet,achatenet5s@google.com.hk,Male,164.155.235.217
210,Josy,Blazic,jblazic5t@jugem.jp,Non-binary,180.155.56.52
211,Tersina,Wainwright,twainwright5u@ft.com,Female,113.230.156.201
212,Debera,Gudahy,dgudahy5v@chronoengine.com,Genderqueer,48.168.121.34
213,Scott,Jerram,sjerram5w@epa.gov,Polygender,131.192.252.182
214,Judith,Lavell,jlavell5x@liveinternet.ru,Bigender,107.206.152.45
215,Anjanette,Pere,apere5y@simplemachines.org,Genderfluid,166.239.4.130
216,Smith,MacGeffen,smacgeffen5z@hp.com,Genderfluid,242.63.193.221
217,Roxine,Soulsby,rsoulsby60@ed.gov,Male,222.97.73.118
218,Teri,Sibun,tsibun61@marriott.com,Polygender,59.231.43.35
219,Lynnett,Sissel,lsissel62@ustream.tv,Agender,47.115.14.183
220,Claude,Rollins,crollins63@ucsd.edu,Bigender,23.250.166.129
221,Miles,Searjeant,msearjeant64@wordpress.com,Genderqueer,134.52.81.165
222,Caitlin,Steptoe,csteptoe65@1688.com,Agender,70.132.78.240
223,Joachim,Rhymes,jrhymes66@sogou.com,Non-binary,65.220.159.2
224,Kayla,Jecks,kjecks67@icq.com,Male,82.252.111.195
225,Errol,Gascar,egascar68@bbc.co.uk,Agender,104.242.111.30
226,Goddart,Edlestone,gedlestone69@biglobe.ne.jp,Genderqueer,201.212.18.45
227,Gerry,Nobbs,gnobbs6a@telegraph.co.uk,Agender,134.207.40.1
228,Loise,Heeran,lheeran6b@infoseek.co.jp,Male,94.26.250.147
229,Addi,Latey,alatey6c@instagram.com,Polygender,210.247.8.213
230,Obie,Steventon,osteventon6d@un.org,Female,92.183.45.168
231,Quintina,Woodsford,qwoodsford6e@huffingtonpost.com,Genderqueer,58.31.152.143
232,Annice,Breukelman,abreukelman6f@barnesandnoble.com,Agender,255.145.28.3
233,Gar,Bond,gbond6g@mapy.cz,Agender,173.96.221.237
234,Leela,Kief,lkief6h@zimbio.com,Agender,165.245.181.240
235,Perrine,Aslen,paslen6i@bloomberg.com,Agender,181.194.192.96
236,Bartlett,Macura,bmacura6j@yelp.com,Agender,61.26.130.7
237,Carlota,Waterman,cwaterman6k@stanford.edu,Genderfluid,128.16.222.98
238,Reinaldo,Branchflower,rbranchflower6l@sbwire.com,Genderfluid,43.6.30.51
239,Cariotta,Ivanikhin,civanikhin6m@apache.org,Bigender,2.171.155.11
240,Bettina,Reddy,breddy6n@nasa.gov,Genderqueer,181.65.174.8
241,Hayyim,Antony,hantony6o@trellian.com,Bigender,199.78.62.9
242,Kevan,Tirte,ktirte6p@wix.com,Male,71.116.139.225
243,Cariotta,Rays,crays6q@devhub.com,Non-binary,174.81.144.128
244,Celesta,O'Garmen,cogarmen6r@uol.com.br,Agender,116.180.244.105
245,Desmund,Morstatt,dmorstatt6s@multiply.com,Non-binary,21.224.88.220
246,Johnathon,Novichenko,jnovichenko6t@moonfruit.com,Genderfluid,213.163.233.195
247,Clayton,Cuss,ccuss6u@hao123.com,Agender,130.75.15.94
248,Mikaela,Well,mwell6v@hud.gov,Genderqueer,102.2.181.12
249,Monroe,Salthouse,msalthouse6w@webs.com,Polygender,9.231.54.82
250,Herb,Dilrew,hdilrew6x@comsenz.com,Polygender,1.214.27.178
251,Delphinia,Timberlake,dtimberlake6y@vinaora.com,Female,87.223.194.129
252,Albina,O'Crotty,aocrotty6z@shinystat.com,Bigender,125.192.37.53
253,Witty,Jiroudek,wjiroudek70@kickstarter.com,Non-binary,77.96.240.236
254,Steven,Proven,sproven71@twitpic.com,Male,79.233.116.205
255,Molly,Demschke,mdemschke72@constantcontact.com,Genderfluid,28.3.183.89
256,Giordano,Corkitt,gcorkitt73@geocities.jp,Non-binary,134.144.69.94
257,Floria,Ciccone,fciccone74@drupal.org,Female,41.90.47.29
258,Kati,Gretton,kgretton75@tripadvisor.com,Male,81.68.52.208
259,Tiphanie,Atterbury,tatterbury76@virginia.edu,Female,42.76.166.26
260,Had,Trelease,htrelease77@hud.gov,Bigender,135.72.203.87
261,Ingmar,Goldsbury,igoldsbury78@oaic.gov.au,Polygender,114.116.107.205
262,Oralle,Kitley,okitley79@mashable.com,Agender,88.164.132.157
263,Rennie,St Ange,rstange7a@abc.net.au,Genderfluid,2.42.251.18
264,Terence,Tooby,ttooby7b@1688.com,Polygender,133.169.145.121
265,Aluino,Padmore,apadmore7c@a8.net,Non-binary,74.14.221.41
266,Gilberte,Wandless,gwandless7d@tumblr.com,Bigender,60.112.62.43
267,Loren,Le Strange,llestrange7e@abc.net.au,Bigender,120.167.199.96
268,Alexandr,Cawte,acawte7f@sciencedaily.com,Bigender,219.47.42.55
269,Fidelio,Hessenthaler,fhessenthaler7g@google.co.uk,Agender,228.253.143.156
270,Rene,Salerno,rsalerno7h@geocities.com,Agender,19.56.25.230
271,Leeann,Adamou,ladamou7i@nps.gov,Female,177.28.23.168
272,Bailie,Rastall,brastall7j@drupal.org,Agender,98.47.244.146
273,Ashbey,Rowntree,arowntree7k@accuweather.com,Genderqueer,0.226.87.197
274,Bale,Tobin,btobin7l@berkeley.edu,Genderfluid,73.68.154.140
275,Lewiss,Berrisford,lberrisford7m@scientificamerican.com,Bigender,197.139.199.140
276,Gibby,Kencott,gkencott7n@europa.eu,Bigender,244.87.169.0
277,Benjie,Nerger,bnerger7o@mtv.com,Polygender,83.28.147.231
278,Corny,Heggs,cheggs7p@flavors.me,Non-binary,180.69.26.33
279,Christye,Ginnaly,cginnaly7q@edublogs.org,Genderqueer,42.178.238.210
280,Pebrook,Ralls,pralls7r@storify.com,Agender,249.154.87.164
281,Flora,Crampsey,fcrampsey7s@myspace.com,Female,28.154.234.138
282,Terrijo,Neubigging,tneubigging7t@who.int,Bigender,227.119.47.1
283,Andie,Oxx,aoxx7u@cpanel.net,Polygender,180.61.72.89
284,Benito,Bridgman,bbridgman7v@discovery.com,Female,88.156.98.172
285,Wilton,Bantock,wbantock7w@google.cn,Genderfluid,218.236.6.223
286,Kelsy,Mackin,kmackin7x@stanford.edu,Polygender,88.149.247.88
287,Sloane,Berrane,sberrane7y@state.tx.us,Bigender,145.100.134.161
288,Wilbert,Slogrove,wslogrove7z@google.es,Genderfluid,10.164.66.204
289,Vere,Massel,vmassel80@wsj.com,Female,112.152.240.14
290,Reginauld,Banyard,rbanyard81@mit.edu,Non-binary,165.172.232.100
291,Josefina,Oven,joven82@yandex.ru,Genderfluid,224.135.34.211
292,Dag,Carlesi,dcarlesi83@si.edu,Genderfluid,76.214.50.97
293,Sheffield,Kerwin,skerwin84@list-manage.com,Female,83.207.100.227
294,Dalston,Gilburt,dgilburt85@google.cn,Female,242.121.254.192
295,Helsa,Corke,hcorke86@harvard.edu,Male,210.188.11.58
296,Joline,Pratton,jpratton87@statcounter.com,Polygender,127.251.152.252
297,Gabrielle,O'Kynsillaghe,gokynsillaghe88@ft.com,Female,208.32.198.167
298,Hermine,Goretti,hgoretti89@europa.eu,Genderqueer,180.177.209.168
299,Oneida,McCotter,omccotter8a@discuz.net,Genderfluid,199.196.219.33
300,Kim,Prothero,kprothero8b@mac.com,Polygender,129.47.173.120
301,Morgun,Ebbetts,mebbetts8c@fastcompany.com,Genderfluid,163.199.26.203
302,Chip,Grane,cgrane8d@yellowpages.com,Genderqueer,24.45.103.103
303,Desiri,Ronan,dronan8e@weather.com,Polygender,136.93.100.150
304,Catie,Tyzack,ctyzack8f@noaa.gov,Genderfluid,116.161.198.92
305,Dill,Dansie,ddansie8g@cloudflare.com,Male,103.224.182.87
306,Koressa,Sindall,ksindall8h@discuz.net,Bigender,46.197.133.244
307,Euphemia,McQuarrie,emcquarrie8i@fastcompany.com,Genderfluid,14.147.93.228
308,Gregorio,Giametti,ggiametti8j@yahoo.com,Polygender,112.151.31.178
309,Ignazio,Borzone,iborzone8k@4shared.com,Female,4.252.235.120
310,Arleta,Josum,ajosum8l@diigo.com,Genderqueer,138.235.220.72
311,Myrwyn,Roon,mroon8m@photobucket.com,Genderfluid,156.27.45.87
312,Dorris,Meharg,dmeharg8n@vkontakte.ru,Agender,201.161.113.2
313,Osbourn,Devine,odevine8o@dedecms.com,Non-binary,17.255.16.239
314,Sandie,Stollsteimer,sstollsteimer8p@wikimedia.org,Female,202.214.26.152
315,Jared,Conner,jconner8q@imageshack.us,Agender,122.202.49.22
316,Pepillo,Bresman,pbresman8r@ucla.edu,Male,162.196.251.52
317,Delinda,Girodin,dgirodin8s@storify.com,Genderfluid,69.200.57.80
318,Abbot,Thalmann,athalmann8t@disqus.com,Bigender,174.185.133.125
319,Stephie,Pietersen,spietersen8u@eventbrite.com,Female,64.33.9.25
320,Melvyn,Guillotin,mguillotin8v@google.pl,Agender,84.104.50.119
321,Vasilis,Beaulieu,vbeaulieu8w@nhs.uk,Agender,57.117.189.69
322,Wadsworth,Dawks,wdawks8x@go.com,Genderfluid,18.9.164.253
323,Evey,Marran,emarran8y@twitpic.com,Agender,189.193.75.182
324,Pollyanna,Haddow,phaddow8z@gmpg.org,Genderfluid,84.225.152.244
325,Marlie,Totterdill,mtotterdill90@tinypic.com,Non-binary,21.232.30.247
326,Elora,McLugaish,emclugaish91@princeton.edu,Genderqueer,74.95.152.236
327,Miguel,Lewens,mlewens92@i2i.jp,Polygender,21.255.30.148
328,Ray,Avesque,ravesque93@cyberchimps.com,Genderfluid,233.61.197.104
329,Piggy,Pessler,ppessler94@aboutads.info,Genderfluid,213.191.147.210
330,Karalee,Baguley,kbaguley95@statcounter.com,Female,47.202.235.248
331,Creigh,Oris,coris96@yolasite.com,Male,169.101.134.110
332,Seline,Holborn,sholborn97@disqus.com,Bigender,104.93.9.139
333,Shurlocke,Spelling,sspelling98@bloglines.com,Bigender,42.15.254.164
334,Giacobo,Londer,glonder99@jigsy.com,Male,165.55.143.208
335,Jewell,Hastwell,jhastwell9a@zimbio.com,Female,176.86.213.135
336,Christian,Hessay,chessay9b@ucla.edu,Female,238.33.56.110
337,Kirbie,Phifer,kphifer9c@chicagotribune.com,Male,129.194.232.120
338,Mohandas,Lambart,mlambart9d@ocn.ne.jp,Bigender,240.24.99.14
339,Barbra,Dumberrill,bdumberrill9e@ucsd.edu,Agender,253.254.254.23
340,Gertrude,Mathissen,gmathissen9f@zdnet.com,Genderqueer,254.168.166.77
341,Tanner,Wooding,twooding9g@tinyurl.com,Non-binary,148.192.230.100
342,Fanni,Ferroni,fferroni9h@youku.com,Agender,102.227.213.110
343,Alix,Kalinke,akalinke9i@myspace.com,Male,76.128.90.234
344,Murvyn,Perri,mperri9j@tripadvisor.com,Polygender,199.186.67.20
345,Fair,Corkitt,fcorkitt9k@sohu.com,Polygender,69.146.120.173
346,Pace,Gaiford,pgaiford9l@lulu.com,Bigender,32.203.226.62
347,Costa,Aggiss,caggiss9m@apache.org,Female,204.123.218.25
348,Ardella,Windless,awindless9n@mail.ru,Male,78.193.54.147
349,Cammy,Cumberledge,ccumberledge9o@netvibes.com,Genderfluid,196.200.63.54
350,Delores,Christon,dchriston9p@google.com,Agender,198.210.108.32
351,Lyell,Abramchik,labramchik9q@photobucket.com,Genderfluid,235.203.196.34
352,Darnall,Cooksey,dcooksey9r@go.com,Male,131.58.124.5
353,Kassi,Woolliams,kwoolliams9s@bravesites.com,Bigender,43.121.176.121
354,Zollie,Desaur,zdesaur9t@etsy.com,Genderfluid,30.74.147.239
355,Chrotoem,Rowson,crowson9u@reverbnation.com,Non-binary,111.16.45.70
356,Maria,Musla,mmusla9v@independent.co.uk,Non-binary,193.142.189.124
357,Herc,Neasam,hneasam9w@tripadvisor.com,Non-binary,234.216.185.255
358,Nial,Tomich,ntomich9x@msu.edu,Genderqueer,100.43.87.59
359,Rosette,Domeney,rdomeney9y@bravesites.com,Polygender,114.176.119.168
360,Charissa,Dalston,cdalston9z@uol.com.br,Agender,60.247.152.100
361,Aprilette,Sindle,asindlea0@geocities.com,Female,186.24.105.167
362,Darrelle,Shrubsall,dshrubsalla1@mail.ru,Male,118.152.220.196
363,Tucker,Janoschek,tjanoscheka2@ezinearticles.com,Genderfluid,123.198.71.17
364,Giuseppe,Pavic,gpavica3@acquirethisname.com,Genderqueer,197.252.103.86
365,Corabella,Gulston,cgulstona4@chicagotribune.com,Genderfluid,204.102.0.175
366,Marilyn,Mullaly,mmullalya5@soup.io,Male,144.166.162.154
367,Phyllis,Teodori,pteodoria6@pinterest.com,Bigender,20.12.173.131
368,Che,Filipyev,cfilipyeva7@ihg.com,Polygender,98.173.247.129
369,Darci,Caswill,dcaswilla8@sphinn.com,Male,28.251.37.142
370,Davy,Stopford,dstopforda9@ebay.co.uk,Genderfluid,155.75.161.172
371,Helen-elizabeth,Bransom,hbransomaa@cornell.edu,Genderqueer,221.4.89.32
372,Michail,Londors,mlondorsab@blog.com,Non-binary,107.101.224.200
373,Ezri,Gerish,egerishac@bloglines.com,Agender,198.93.60.7
374,Maximilien,Swalough,mswaloughad@princeton.edu,Genderfluid,37.120.242.191
375,Abigael,Enriquez,aenriquezae@google.ca,Bigender,247.43.31.13
376,Sander,Althrope,salthropeaf@networkadvertising.org,Female,238.232.101.93
377,Karil,Nitti,knittiag@thetimes.co.uk,Genderfluid,116.193.108.165
378,Lissy,Ducrow,lducrowah@i2i.jp,Male,86.125.9.49
379,Stephi,Hourstan,shourstanai@cisco.com,Bigender,77.236.10.178
380,Broderick,Rackam,brackamaj@sbwire.com,Polygender,211.99.4.101
381,Gus,Andrejs,gandrejsak@hp.com,Genderqueer,85.111.232.25
382,Benn,Hakey,bhakeyal@ning.com,Agender,64.100.101.48
383,Ros,Chadwin,rchadwinam@nps.gov,Non-binary,169.163.195.217
384,Bamby,Baybutt,bbaybuttan@infoseek.co.jp,Non-binary,252.179.93.7
385,Concettina,Barnshaw,cbarnshawao@si.edu,Male,243.163.186.152
386,Gerta,Nerne,gnerneap@mashable.com,Male,189.113.26.222
387,Paco,Clemitt,pclemittaq@gmpg.org,Polygender,143.173.231.121
388,Sapphira,Dulieu,sdulieuar@mashable.com,Male,21.141.33.243
389,Nobie,Ebunoluwa,nebunoluwaas@state.gov,Non-binary,105.81.236.247
390,Alyssa,Eighteen,aeighteenat@moonfruit.com,Genderqueer,95.110.239.9
391,Matt,Crossingham,mcrossinghamau@prnewswire.com,Polygender,113.107.31.132
392,Isabella,Bonass,ibonassav@mozilla.com,Non-binary,119.245.208.32
393,Field,McIleen,fmcileenaw@ox.ac.uk,Male,255.121.56.12
394,Brok,De Carolis,bdecarolisax@bandcamp.com,Non-binary,189.48.192.60
395,Symon,Gawthorpe,sgawthorpeay@a8.net,Genderfluid,45.161.217.153
396,Barbabas,Scott,bscottaz@chicagotribune.com,Non-binary,119.38.181.150
397,Loretta,Grove,lgroveb0@cisco.com,Female,79.39.228.49
398,Mavis,de Merida,mdemeridab1@mediafire.com,Bigender,66.35.136.194
399,Meggie,Akred,makredb2@deviantart.com,Bigender,221.55.90.160
400,Rey,Dyett,rdyettb3@lulu.com,Female,36.26.23.74
401,Skye,Raysdale,sraysdaleb4@wufoo.com,Bigender,194.111.73.43
402,Flemming,Ilett,filettb5@google.com.hk,Male,41.113.115.137
403,Kitty,Schwandermann,kschwandermannb6@examiner.com,Agender,3.42.198.38
404,Fiann,Siburn,fsiburnb7@loc.gov,Agender,217.50.212.86
405,Cara,Cawthron,ccawthronb8@hao123.com,Genderqueer,20.196.44.21
406,Lefty,Muspratt,lmusprattb9@epa.gov,Non-binary,164.155.13.247
407,Woody,Eberz,weberzba@unc.edu,Female,102.126.174.58
408,Latisha,Dace,ldacebb@homestead.com,Male,147.41.238.44
409,Teddie,Chafer,tchaferbc@mac.com,Female,6.66.140.6
410,Jaclyn,Courteney,jcourteneybd@businessweek.com,Polygender,6.107.199.1
411,Sarine,Walters,swaltersbe@bandcamp.com,Bigender,121.154.149.72
412,Modesta,Hourston,mhourstonbf@bigcartel.com,Genderqueer,251.32.158.60
413,Isador,Lafaye,ilafayebg@istockphoto.com,Polygender,247.158.251.212
414,Odey,Watkiss,owatkissbh@yahoo.co.jp,Polygender,16.205.79.16
415,Agnola,Jertz,ajertzbi@sohu.com,Male,144.206.210.116
416,Marrilee,Benko,mbenkobj@e-recht24.de,Polygender,233.48.10.50
417,Felice,Soldan,fsoldanbk@prnewswire.com,Genderfluid,19.239.176.76
418,Julee,Curgenuer,jcurgenuerbl@sun.com,Agender,5.41.103.210
419,Caye,Mc Meekan,cmcmeekanbm@biglobe.ne.jp,Genderqueer,227.210.170.182
420,Mathe,McCorrie,mmccorriebn@wsj.com,Polygender,156.181.167.129
421,Cherey,Stovold,cstovoldbo@cocolog-nifty.com,Bigender,152.194.246.74
422,Isiahi,Skeermer,iskeermerbp@japanpost.jp,Female,213.115.73.19
423,Georgi,Muddle,gmuddlebq@timesonline.co.uk,Male,232.36.25.209
424,Luella,O'Noland,lonolandbr@yellowbook.com,Male,188.99.80.4
425,Miner,Runnalls,mrunnallsbs@ezinearticles.com,Genderqueer,39.251.45.28
426,Ulrike,Parsall,uparsallbt@hubpages.com,Polygender,143.149.195.5
427,Georges,Sketch,gsketchbu@wix.com,Genderqueer,223.135.142.27
428,Burl,La Rosa,blarosabv@mozilla.com,Genderfluid,87.201.121.1
429,Brander,Fossey,bfosseybw@newyorker.com,Non-binary,142.88.130.47
430,Eileen,Russen,erussenbx@infoseek.co.jp,Agender,147.101.141.38
431,Rozanna,Overel,roverelby@nih.gov,Non-binary,230.25.255.231
432,Silvie,Simpkiss,ssimpkissbz@acquirethisname.com,Genderfluid,39.185.5.44
433,Beret,Lippiatt,blippiattc0@youtube.com,Male,77.207.126.97
434,Harvey,Dear,hdearc1@eepurl.com,Bigender,201.115.41.151
435,Nettle,Lauxmann,nlauxmannc2@uiuc.edu,Genderqueer,24.89.41.107
436,Krispin,Willbond,kwillbondc3@harvard.edu,Male,14.86.74.147
437,Kassey,Pauletti,kpaulettic4@ihg.com,Bigender,70.239.227.21
438,Brit,Tranter,btranterc5@feedburner.com,Male,105.194.244.178
439,Sylvia,Burrell,sburrellc6@army.mil,Genderfluid,133.117.158.59
440,Bucky,Byers,bbyersc7@dot.gov,Bigender,185.59.180.232
441,Niko,Abramowitch,nabramowitchc8@bing.com,Bigender,20.70.80.32
442,Fifi,Prestner,fprestnerc9@oaic.gov.au,Non-binary,233.60.113.124
443,Bendick,Locard,blocardca@mlb.com,Non-binary,122.17.8.45
444,Edd,Monteaux,emonteauxcb@statcounter.com,Genderfluid,9.49.155.185
445,Deirdre,O'Glessane,doglessanecc@twitter.com,Agender,154.150.175.58
446,Elwin,Seeney,eseeneycd@google.ru,Male,212.118.86.71
447,Marchelle,Hughill,mhughillce@tuttocitta.it,Agender,178.70.211.85
448,Fedora,Wyldish,fwyldishcf@aboutads.info,Male,36.24.142.156
449,Bernardo,Fladgate,bfladgatecg@edublogs.org,Agender,96.51.235.125
450,Louis,Leppington,lleppingtonch@nba.com,Male,252.207.203.63
451,Mallory,Novelli,mnovellici@google.ca,Female,154.63.120.82
452,Shaylynn,Shade,sshadecj@msu.edu,Genderfluid,127.66.139.103
453,Maddie,Dunham,mdunhamck@stumbleupon.com,Polygender,158.240.99.252
454,Haywood,Figliovanni,hfigliovannicl@rambler.ru,Genderfluid,132.25.100.209
455,Neysa,Beloe,nbeloecm@multiply.com,Genderfluid,165.143.21.254
456,Margot,Illing,millingcn@angelfire.com,Genderqueer,206.194.222.26
457,Ivar,Heads,iheadsco@oaic.gov.au,Female,179.0.72.170
458,Say,Chittleburgh,schittleburghcp@free.fr,Female,112.23.199.228
459,Vivia,Tythe,vtythecq@loc.gov,Male,144.191.128.2
460,Brook,Gudgeon,bgudgeoncr@diigo.com,Bigender,100.135.205.155
461,Beatrice,Palffy,bpalffycs@infoseek.co.jp,Female,88.255.217.93
462,Elga,Banbrook,ebanbrookct@sogou.com,Genderqueer,168.170.35.46
463,Honor,Aubry,haubrycu@home.pl,Genderqueer,177.14.189.242
464,Genia,Shefton,gsheftoncv@scribd.com,Male,155.158.235.230
465,Darb,Wildgoose,dwildgoosecw@amazon.co.jp,Polygender,205.221.195.254
466,Tony,Beslier,tbesliercx@hhs.gov,Genderqueer,52.59.99.139
467,Rowen,Berwick,rberwickcy@vimeo.com,Genderqueer,169.141.221.215
468,Pennie,Canfer,pcanfercz@webeden.co.uk,Female,194.115.254.5
469,Serge,Quarrie,squarried0@sbwire.com,Bigender,46.91.3.41
470,Iorgo,Ashpital,iashpitald1@csmonitor.com,Female,105.160.15.125
471,Rosalinda,Grayshan,rgrayshand2@dot.gov,Male,116.9.75.190
472,Elfrieda,Blakeborough,eblakeboroughd3@comcast.net,Genderfluid,92.184.143.1
473,Kristen,Postan,kpostand4@sphinn.com,Female,136.247.33.8
474,Jorry,de la Valette Parisot,jdelavaletteparisotd5@trellian.com,Agender,172.208.218.49
475,Creight,Arundale,carundaled6@alibaba.com,Male,233.28.188.127
476,Christophe,Kidd,ckiddd7@qq.com,Genderfluid,185.20.1.152
477,Ivor,Affuso,iaffusod8@statcounter.com,Male,209.134.235.181
478,Jeanie,Craxford,jcraxfordd9@google.es,Female,135.151.111.199
479,Alva,Melhuish,amelhuishda@smh.com.au,Non-binary,193.72.168.241
480,Donia,Wharram,dwharramdb@hatena.ne.jp,Female,127.67.200.237
481,Chrysa,Castelow,ccastelowdc@patch.com,Bigender,210.242.67.149
482,Teddi,MacGillreich,tmacgillreichdd@ocn.ne.jp,Male,250.107.105.201
483,Gaylene,Belham,gbelhamde@indiegogo.com,Male,135.171.221.104
484,Vaughn,Ledley,vledleydf@yahoo.com,Genderqueer,20.50.209.128
485,Kristo,Goldsack,kgoldsackdg@virginia.edu,Agender,249.103.201.46
486,Deloria,Trobe,dtrobedh@parallels.com,Polygender,35.112.22.234
487,Barty,Cuthbertson,bcuthbertsondi@hexun.com,Genderfluid,104.47.194.172
488,Corby,Skoggings,cskoggingsdj@marketwatch.com,Agender,126.172.28.136
489,Gherardo,Woollaston,gwoollastondk@icq.com,Polygender,124.78.69.79
490,Adelaide,Murray,amurraydl@goo.gl,Polygender,112.232.182.60
491,Teodora,Bockler,tbocklerdm@google.ca,Agender,211.232.240.107
492,Kaiser,Baradel,kbaradeldn@vk.com,Agender,166.211.49.253
493,Crystal,Rosenbusch,crosenbuschdo@blogspot.com,Genderfluid,51.25.77.182
494,Hersch,Dennick,hdennickdp@oakley.com,Polygender,28.119.132.167
495,Noe,Crangle,ncrangledq@soundcloud.com,Genderqueer,223.2.205.19
496,Nate,De Gregario,ndegregariodr@columbia.edu,Agender,96.73.209.150
497,Kennedy,Habbert,khabbertds@economist.com,Polygender,213.160.215.65
498,Jaymee,Blaby,jblabydt@hatena.ne.jp,Female,74.110.134.239
499,Shawn,Tassell,stasselldu@google.nl,Non-binary,63.108.36.236
500,Whittaker,Gebbe,wgebbedv@loc.gov,Non-binary,53.198.122.242
501,Darla,Birrel,dbirreldw@oracle.com,Female,164.163.247.240
502,Melony,Edwins,medwinsdx@multiply.com,Non-binary,121.1.57.127
503,Andria,Bridgman,abridgmandy@sourceforge.net,Agender,202.179.148.165
504,Frasco,Sautter,fsautterdz@elegantthemes.com,Genderfluid,175.201.191.99
505,Mavra,McGenis,mmcgenise0@gizmodo.com,Genderqueer,70.132.150.70
506,William,Di Biagi,wdibiagie1@irs.gov,Bigender,21.218.35.202
507,Brandy,Grahamslaw,bgrahamslawe2@opensource.org,Agender,130.217.173.121
508,Del,Hamshere,dhamsheree3@technorati.com,Genderqueer,53.196.251.78
509,Brewer,Belding,bbeldinge4@harvard.edu,Genderfluid,151.74.248.20
510,Skippy,Flecknoe,sflecknoee5@sohu.com,Genderfluid,79.4.208.168
511,Dianemarie,Deniscke,ddenisckee6@taobao.com,Agender,7.152.46.187
512,Candra,Mifflin,cmiffline7@gravatar.com,Female,159.91.69.80
513,Bobina,Gore,bgoree8@4shared.com,Genderqueer,55.96.181.81
514,Windham,Shakle,wshaklee9@soup.io,Male,242.203.242.76
515,Chuck,Ballsdon,cballsdonea@aol.com,Genderfluid,142.185.173.166
516,Rayshell,Riches,rricheseb@meetup.com,Bigender,0.135.145.81
517,Charlotte,Spittles,cspittlesec@discovery.com,Agender,96.124.241.122
518,Ammamaria,Morando,amorandoed@cdc.gov,Female,50.154.21.154
519,Nicoline,Vanyushkin,nvanyushkinee@geocities.jp,Bigender,147.4.241.123
520,Yank,Marfe,ymarfeef@nps.gov,Genderqueer,230.63.194.46
521,Vivie,Camp,vcampeg@discovery.com,Genderqueer,33.4.48.153
522,Quintus,Denkin,qdenkineh@wikipedia.org,Bigender,133.193.50.137
523,Harold,Sowten,hsowtenei@blogs.com,Genderfluid,184.75.107.128
524,Russell,Maylard,rmaylardej@illinois.edu,Genderfluid,8.103.20.99
525,Emmy,Edgehill,eedgehillek@cbc.ca,Non-binary,117.158.103.17
526,Caty,Mengue,cmengueel@kickstarter.com,Male,251.72.188.56
527,Mischa,Tunny,mtunnyem@wikimedia.org,Non-binary,205.20.174.192
528,Halli,Culwen,hculwenen@hugedomains.com,Genderqueer,30.250.251.92
529,Terencio,Torrese,ttorreseeo@soup.io,Male,140.152.113.227
530,Lian,Paggitt,lpaggittep@ning.com,Genderqueer,210.124.221.125
531,Luce,Sagrott,lsagrotteq@sakura.ne.jp,Non-binary,4.76.168.78
532,Anthony,Yakobovitz,ayakobovitzer@huffingtonpost.com,Female,33.87.63.75
533,Gale,Gorusso,ggorussoes@ocn.ne.jp,Polygender,188.55.199.249
534,Josiah,Turbayne,jturbayneet@mit.edu,Non-binary,236.186.243.189
535,Stacee,Chessor,schessoreu@columbia.edu,Female,184.73.100.245
536,Sisely,Dickon,sdickonev@hao123.com,Non-binary,108.206.247.46
537,Eli,Manicom,emanicomew@newsvine.com,Male,221.219.107.215
538,Fae,Farthin,ffarthinex@wikimedia.org,Female,203.98.59.59
539,Nobie,Rutherford,nrutherfordey@nhs.uk,Genderfluid,65.173.220.134
540,Jammie,Chazotte,jchazotteez@ucoz.ru,Genderqueer,228.240.138.118
541,Lucienne,Jest,ljestf0@blinklist.com,Genderqueer,18.97.61.191
542,Valentijn,Reavell,vreavellf1@exblog.jp,Polygender,230.175.25.59
543,Simone,Lytle,slytlef2@blinklist.com,Bigender,102.124.27.52
544,Vanna,Taffs,vtaffsf3@joomla.org,Genderfluid,183.44.174.92
545,Rickie,Hoyle,rhoylef4@pbs.org,Female,205.149.64.106
546,Rudd,Kettley,rkettleyf5@nba.com,Genderqueer,86.177.125.188
547,Filide,Selborne,fselbornef6@google.de,Non-binary,33.30.238.164
548,Fin,Laviss,flavissf7@wunderground.com,Polygender,184.146.143.202
549,Cissy,Adamov,cadamovf8@google.ru,Female,237.148.91.33
550,Ralph,Leser,rleserf9@google.cn,Polygender,175.141.214.179
551,Berthe,Capelow,bcapelowfa@dell.com,Genderfluid,52.100.116.47
552,Julieta,Corkhill,jcorkhillfb@livejournal.com,Male,101.69.255.67
553,Dar,Nolte,dnoltefc@freewebs.com,Genderqueer,189.92.61.189
554,Norby,Mealiffe,nmealiffefd@bloomberg.com,Non-binary,198.32.22.236
555,Loralee,Reinmar,lreinmarfe@wp.com,Agender,245.155.119.163
556,Carlene,Onyon,conyonff@google.ca,Polygender,25.137.109.11
557,Benedetto,Wrightam,bwrightamfg@buzzfeed.com,Polygender,229.69.89.215
558,Devlin,Backwell,dbackwellfh@myspace.com,Female,51.42.127.166
559,Gayleen,Leftly,gleftlyfi@zimbio.com,Bigender,152.40.199.92
560,Garv,Giannotti,ggiannottifj@trellian.com,Female,20.180.111.6
561,Flynn,Kohlerman,fkohlermanfk@merriam-webster.com,Polygender,188.206.80.212
562,Jenn,Cutler,jcutlerfl@indiegogo.com,Female,126.206.86.54
563,Aime,Isakovitch,aisakovitchfm@naver.com,Bigender,40.103.105.207
564,Wainwright,Hanwright,whanwrightfn@jalbum.net,Bigender,232.239.51.140
565,Shelbi,Crookshank,scrookshankfo@wiley.com,Bigender,26.196.201.48
566,Raquela,Papps,rpappsfp@opensource.org,Genderfluid,190.96.10.98
567,Roddy,Wardlaw,rwardlawfq@addtoany.com,Female,216.105.23.73
568,Tandy,Dutson,tdutsonfr@soundcloud.com,Male,202.172.113.126
569,Faydra,Berens,fberensfs@marriott.com,Bigender,170.64.154.88
570,Joseito,Heintzsch,jheintzschft@cdc.gov,Agender,158.200.139.225
571,Gael,Pain,gpainfu@mysql.com,Agender,186.24.150.122
572,Oralle,Jays,ojaysfv@ezinearticles.com,Genderfluid,125.73.39.216
573,Joanie,Rosin,jrosinfw@cnn.com,Bigender,214.241.207.146
574,Emalee,Brinicombe,ebrinicombefx@icio.us,Genderqueer,68.57.181.12
575,Amii,Fairbeard,afairbeardfy@live.com,Agender,169.200.47.154
576,Dario,Hasty,dhastyfz@a8.net,Male,97.158.105.60
577,Tiphany,Shatliff,tshatliffg0@bloglovin.com,Genderfluid,209.178.110.218
578,Eddy,Ullock,eullockg1@parallels.com,Polygender,9.135.169.224
579,Winnah,Canizares,wcanizaresg2@dyndns.org,Genderfluid,161.253.223.163
580,Ralph,Chafney,rchafneyg3@fc2.com,Male,60.76.48.81
581,Gabriell,Seeviour,gseeviourg4@redcross.org,Non-binary,203.203.3.241
582,Berry,Escritt,bescrittg5@hud.gov,Female,205.117.94.23
583,Mason,Stood,mstoodg6@prlog.org,Genderfluid,80.179.76.134
584,Grady,Espinet,gespinetg7@kickstarter.com,Genderqueer,188.126.63.248
585,Ilene,Wigginton,iwiggintong8@sogou.com,Non-binary,76.80.129.116
586,Prentiss,Rawlinson,prawlinsong9@hao123.com,Female,141.13.255.31
587,Ashly,Husk,ahuskga@scientificamerican.com,Agender,97.158.89.18
588,Llewellyn,Philbrick,lphilbrickgb@google.co.uk,Genderfluid,142.124.158.252
589,Cindelyn,Lahy,clahygc@redcross.org,Polygender,13.19.205.238
590,Rouvin,McKeon,rmckeongd@businessweek.com,Non-binary,196.199.210.47
591,Broderic,Ambrus,bambrusge@tamu.edu,Non-binary,33.48.8.1
592,Jemmy,Dabling,jdablinggf@huffingtonpost.com,Polygender,86.224.128.136
593,Bay,Sterling,bsterlinggg@bloomberg.com,Bigender,205.184.120.199
594,Oberon,Molloy,omolloygh@drupal.org,Bigender,74.146.49.67
595,Neely,Klassman,nklassmangi@ebay.com,Agender,240.165.106.231
596,Griz,Crimp,gcrimpgj@techcrunch.com,Non-binary,1.92.83.221
597,Bea,Portigall,bportigallgk@paypal.com,Genderfluid,65.247.30.151
598,Moshe,Shirley,mshirleygl@usgs.gov,Genderfluid,81.3.233.237
599,Way,Mackstead,wmacksteadgm@webeden.co.uk,Bigender,240.128.101.185
600,Davon,Weatherill,dweatherillgn@blogs.com,Male,122.50.120.147
601,Stanley,Crottagh,scrottaghgo@dagondesign.com,Agender,92.188.50.28
602,Shermie,Newbigging,snewbigginggp@mail.ru,Male,66.97.174.98
603,Lemar,Whiteman,lwhitemangq@ustream.tv,Male,99.253.60.227
604,Gloriane,Laffin,glaffingr@netlog.com,Male,190.135.106.248
605,Nicolais,Dudek,ndudekgs@mlb.com,Male,190.128.54.118
606,Maryrose,Veracruysse,mveracruyssegt@gravatar.com,Genderfluid,73.5.147.175
607,Findlay,Lebond,flebondgu@spotify.com,Male,27.6.162.52
608,Mikol,Whitmarsh,mwhitmarshgv@angelfire.com,Male,212.116.87.252
609,Verine,Copsey,vcopseygw@fastcompany.com,Male,200.168.191.252
610,Annabelle,Duns,adunsgx@slideshare.net,Male,106.43.62.153
611,Ferdinanda,Beattie,fbeattiegy@google.nl,Non-binary,118.208.97.44
612,Eba,Kanter,ekantergz@wikia.com,Non-binary,134.31.231.28
613,Ogdon,Rudeyeard,orudeyeardh0@behance.net,Agender,210.91.215.145
614,Winonah,Clilverd,wclilverdh1@yandex.ru,Polygender,75.23.247.4
615,Colet,Lardner,clardnerh2@time.com,Bigender,117.255.176.200
616,Audra,Budgen,abudgenh3@odnoklassniki.ru,Male,196.133.128.29
617,Candie,Gorgl,cgorglh4@columbia.edu,Male,132.140.232.205
618,Roland,Matejovsky,rmatejovskyh5@npr.org,Male,118.235.240.138
619,Saundra,Hanalan,shanalanh6@pcworld.com,Female,232.155.165.156
620,Ron,Trewman,rtrewmanh7@devhub.com,Non-binary,106.231.8.159
621,Eadmund,Labram,elabramh8@wix.com,Male,116.238.123.131
622,Trumaine,Summons,tsummonsh9@wix.com,Polygender,252.251.28.48
623,Chandler,Foxton,cfoxtonha@cnbc.com,Female,237.169.232.71
624,Cal,Boame,cboamehb@ucoz.ru,Polygender,127.133.250.44
625,Tyler,Easbie,teasbiehc@t-online.de,Agender,219.251.177.186
626,Delmar,Beranek,dberanekhd@forbes.com,Female,229.1.160.56
627,Harlin,Roumier,hroumierhe@sogou.com,Genderfluid,67.151.179.82
628,Adler,Rudgley,arudgleyhf@hostgator.com,Genderfluid,2.231.190.66
629,Bessy,Sawer,bsawerhg@tinypic.com,Male,238.78.246.163
630,Yvonne,Meiklam,ymeiklamhh@google.co.uk,Genderqueer,205.138.111.211
631,Kayne,McInteer,kmcinteerhi@pagesperso-orange.fr,Genderfluid,89.7.204.62
632,Edgardo,Dumbrall,edumbrallhj@constantcontact.com,Male,241.128.168.87
633,Colleen,Prater,cpraterhk@reference.com,Genderfluid,172.34.215.65
634,Saul,Pinnington,spinningtonhl@google.es,Genderqueer,106.69.248.44
635,Tobie,Matignon,tmatignonhm@springer.com,Agender,6.124.184.10
636,Adolph,Yeoland,ayeolandhn@tmall.com,Bigender,3.109.192.212
637,Sheba,Askem,saskemho@vinaora.com,Bigender,176.219.228.88
638,Charlot,Barrington,cbarringtonhp@free.fr,Agender,79.42.15.127
639,Gilbertine,Blune,gblunehq@prlog.org,Genderqueer,193.48.134.41
640,Judy,O'Donohue,jodonohuehr@bloglines.com,Genderfluid,110.244.147.232
641,Kendell,Rhead,krheadhs@utexas.edu,Polygender,52.124.52.211
642,Jacqueline,Tyrone,jtyroneht@freewebs.com,Agender,133.193.201.155
643,Gillie,Cruttenden,gcruttendenhu@canalblog.com,Genderfluid,146.65.5.43
644,Catherin,Drance,cdrancehv@time.com,Male,13.145.69.71
645,Torr,Prine,tprinehw@slideshare.net,Bigender,223.129.158.16
646,Byran,Giacomo,bgiacomohx@webs.com,Genderqueer,188.120.97.245
647,Hollyanne,Dowglass,hdowglasshy@zimbio.com,Female,98.28.248.168
648,Christin,Lippiello,clippiellohz@usgs.gov,Male,63.74.228.227
649,Davita,Pariso,dparisoi0@google.ca,Male,240.17.76.228
650,Virgie,Linley,vlinleyi1@npr.org,Non-binary,9.191.172.72
651,Elton,Rowcliffe,erowcliffei2@github.com,Agender,28.16.163.52
652,Kaila,Allsepp,kallseppi3@auda.org.au,Non-binary,41.36.103.164
653,Damaris,Filipyev,dfilipyevi4@behance.net,Agender,188.183.148.36
654,Deny,Cluff,dcluffi5@typepad.com,Female,140.254.129.134
655,Warden,Sayer,wsayeri6@indiegogo.com,Genderfluid,37.227.228.143
656,Shelli,Linneman,slinnemani7@google.co.uk,Polygender,221.158.86.61
657,Carmencita,Palatini,cpalatinii8@canalblog.com,Genderfluid,214.196.16.230
658,Miles,Chorley,mchorleyi9@bbb.org,Female,175.228.237.102
659,Vivi,Barthelet,vbartheletia@symantec.com,Female,150.106.193.18
660,Margarita,Pherps,mpherpsib@homestead.com,Genderfluid,150.214.91.175
661,Jacques,Tomasik,jtomasikic@state.tx.us,Male,181.71.215.1
662,Onfroi,Stratford,ostratfordid@google.com.br,Polygender,21.39.82.50
663,Joyan,Sivell,jsivellie@adobe.com,Agender,176.48.223.118
664,Cullie,Norfolk,cnorfolkif@aol.com,Male,232.138.105.124
665,Yolande,Burrel,yburrelig@thetimes.co.uk,Agender,43.34.166.27
666,Iosep,Varlow,ivarlowih@nasa.gov,Genderfluid,105.230.250.13
667,Sigismundo,Beards,sbeardsii@over-blog.com,Agender,232.89.203.128
668,Banky,Gallager,bgallagerij@earthlink.net,Genderqueer,152.15.12.29
669,Karita,Pelchat,kpelchatik@cpanel.net,Genderqueer,150.70.177.169
670,Brigitte,Ivanonko,bivanonkoil@theglobeandmail.com,Agender,12.175.72.194
671,Jeanette,Greensitt,jgreensittim@artisteer.com,Genderqueer,38.238.25.69
672,Nicolis,Romer,nromerin@arizona.edu,Male,168.130.2.161
673,Portia,Davie,pdavieio@dmoz.org,Non-binary,115.209.55.186
674,Bax,Goscomb,bgoscombip@npr.org,Genderqueer,179.247.16.254
675,Vinson,Revance,vrevanceiq@bigcartel.com,Non-binary,200.186.226.138
676,Carlynne,Stone,cstoneir@umn.edu,Agender,185.138.186.56
677,Ynes,Francombe,yfrancombeis@bravesites.com,Female,97.122.254.151
678,Shell,Kemer,skemerit@nps.gov,Polygender,152.199.133.154
679,Valerye,O'Neal,vonealiu@i2i.jp,Male,169.249.62.20
680,Marilyn,Wegenen,mwegeneniv@msn.com,Genderfluid,39.245.249.162
681,Zola,Roobottom,zroobottomiw@sphinn.com,Male,99.27.75.231
682,Wallie,Stockhill,wstockhillix@typepad.com,Agender,20.203.207.12
683,Tobe,Good,tgoodiy@weibo.com,Bigender,14.79.138.251
684,Noak,Daenen,ndaeneniz@cnbc.com,Agender,47.203.76.153
685,James,Pashby,jpashbyj0@google.de,Male,40.90.27.184
686,Lydia,Gromley,lgromleyj1@rakuten.co.jp,Bigender,119.153.2.227
687,Guthry,Dillistone,gdillistonej2@nba.com,Agender,39.17.15.199
688,Jenn,Sevin,jsevinj3@gizmodo.com,Male,80.239.105.53
689,Banky,Demer,bdemerj4@simplemachines.org,Female,1.35.214.17
690,Rawley,Phaup,rphaupj5@europa.eu,Polygender,227.236.204.242
691,Lyman,Heeron,lheeronj6@google.nl,Bigender,215.59.12.189
692,Sukey,Gowlett,sgowlettj7@clickbank.net,Female,191.241.187.175
693,Marc,Shrive,mshrivej8@samsung.com,Non-binary,87.1.73.176
694,Saxon,Cissen,scissenj9@liveinternet.ru,Female,240.14.134.153
695,Marielle,Wheway,mwhewayja@reference.com,Male,174.24.157.213
696,Mackenzie,Scowcroft,mscowcroftjb@tinyurl.com,Agender,132.32.76.62
697,Carree,Wadwell,cwadwelljc@patch.com,Genderfluid,165.49.126.149
698,Costa,Mogra,cmograjd@umich.edu,Non-binary,104.162.143.101
699,Kahlil,Massei,kmasseije@springer.com,Genderfluid,45.148.104.170
700,Dwain,Burndred,dburndredjf@psu.edu,Non-binary,56.45.48.105
701,Willey,Valentinuzzi,wvalentinuzzijg@pinterest.com,Agender,50.242.112.65
702,Brinna,Gercke,bgerckejh@economist.com,Non-binary,89.26.89.217
703,Cleavland,Plaunch,cplaunchji@shareasale.com,Polygender,17.140.62.158
704,Travers,Morstatt,tmorstattjj@ebay.com,Agender,170.40.144.44
705,Brose,Basek,bbasekjk@vinaora.com,Bigender,51.40.20.96
706,Noell,Timmons,ntimmonsjl@odnoklassniki.ru,Genderfluid,121.216.57.86
707,Salvador,Pibworth,spibworthjm@com.com,Genderfluid,142.151.13.153
708,Theda,O'Bradane,tobradanejn@studiopress.com,Genderqueer,119.40.250.64
709,Betta,Fletham,bflethamjo@google.cn,Genderqueer,230.251.115.103
710,Karilynn,Maffeo,kmaffeojp@tripod.com,Female,79.143.190.10
711,Nester,Weighell,nweighelljq@mapquest.com,Genderfluid,45.181.145.96
712,Geri,Dobbie,gdobbiejr@aboutads.info,Non-binary,214.50.93.55
713,Elissa,Brakewell,ebrakewelljs@foxnews.com,Male,39.51.95.98
714,Darlene,Diaper,ddiaperjt@blog.com,Genderfluid,253.16.83.254
715,Jarret,Brettor,jbrettorju@gravatar.com,Genderqueer,45.58.244.219
716,Clemmie,Loding,clodingjv@so-net.ne.jp,Male,33.54.238.107
717,Maximilianus,Bale,mbalejw@mail.ru,Male,222.70.167.142
718,Graig,Ciani,gcianijx@mapy.cz,Agender,12.65.135.83
719,Clarence,Houtby,choutbyjy@accuweather.com,Genderqueer,145.224.23.112
720,Timoteo,Eyer,teyerjz@amazon.de,Agender,42.177.6.222
721,Andria,Stuttard,astuttardk0@techcrunch.com,Male,120.14.105.55
722,Vinson,Riep,vriepk1@yahoo.co.jp,Bigender,51.7.215.192
723,Tobe,Stepto,tsteptok2@dedecms.com,Male,202.12.254.72
724,Mel,Barthorpe,mbarthorpek3@123-reg.co.uk,Non-binary,231.218.110.126
725,Idalina,Foulgham,ifoulghamk4@sfgate.com,Genderfluid,213.247.141.207
726,Jeanelle,Hoofe,jhoofek5@t.co,Genderfluid,43.34.96.220
727,Des,Hrihorovich,dhrihorovichk6@sakura.ne.jp,Female,108.87.10.253
728,Sher,Patkin,spatkink7@craigslist.org,Bigender,241.127.97.205
729,Corby,Kinsell,ckinsellk8@sphinn.com,Female,20.134.207.10
730,Gabie,Teese,gteesek9@dagondesign.com,Female,80.200.104.219
731,Dunstan,Ramsbottom,dramsbottomka@tinypic.com,Bigender,9.47.214.194
732,Shelton,Darnborough,sdarnboroughkb@discuz.net,Genderfluid,152.43.133.169
733,Cathlene,Fuke,cfukekc@cpanel.net,Genderfluid,224.220.171.158
734,Riane,Paolazzi,rpaolazzikd@macromedia.com,Genderfluid,143.69.127.91
735,Maxy,Farquar,mfarquarke@ftc.gov,Genderfluid,249.196.228.188
736,Neill,Baldacco,nbaldaccokf@newyorker.com,Polygender,76.115.126.188
737,Val,Garlick,vgarlickkg@tiny.cc,Genderfluid,6.55.180.242
738,Isak,Stopper,istopperkh@geocities.jp,Male,120.90.236.123
739,Morganne,McKomb,mmckombki@example.com,Genderfluid,41.136.85.13
740,Sonya,Dockwra,sdockwrakj@last.fm,Genderqueer,104.180.138.34
741,Cherry,Shervington,cshervingtonkk@slideshare.net,Male,8.39.105.255
742,Wendie,Reyne,wreynekl@woothemes.com,Agender,60.192.231.36
743,Mozes,MacCarroll,mmaccarrollkm@odnoklassniki.ru,Non-binary,158.196.77.237
744,Sharity,Timmermann,stimmermannkn@microsoft.com,Genderfluid,83.202.175.247
745,Beltran,Sheerin,bsheerinko@cargocollective.com,Male,25.7.191.65
746,Tish,Coverdill,tcoverdillkp@mozilla.org,Male,236.235.159.24
747,Myriam,Burrel,mburrelkq@blogger.com,Female,215.10.105.89
748,Antony,Stickland,asticklandkr@thetimes.co.uk,Agender,74.190.126.160
749,Rutter,Jarvie,rjarvieks@geocities.jp,Agender,24.192.129.95
750,Pier,Truckell,ptruckellkt@meetup.com,Genderfluid,41.188.187.151
751,Mayne,Kelshaw,mkelshawku@cargocollective.com,Female,215.94.192.23
752,Gunner,Brickett,gbrickettkv@flickr.com,Agender,68.172.160.68
753,Stuart,Alves,salveskw@adobe.com,Genderfluid,195.62.208.20
754,Glendon,Brisse,gbrissekx@weather.com,Genderfluid,12.216.158.130
755,Asa,Forton,afortonky@netscape.com,Genderfluid,220.103.131.162
756,Rene,Lambourne,rlambournekz@reference.com,Genderqueer,89.222.12.162
757,Nathanil,Kuhnke,nkuhnkel0@reddit.com,Non-binary,77.174.61.103
758,Leola,Skaid,lskaidl1@homestead.com,Male,214.117.253.205
759,Arnuad,Smerdon,asmerdonl2@seattletimes.com,Male,12.65.72.171
760,Chevalier,Shacklady,cshackladyl3@t-online.de,Female,96.4.160.31
761,Fabiano,Cox,fcoxl4@comsenz.com,Non-binary,89.33.18.77
762,Xerxes,Drysdell,xdrysdelll5@multiply.com,Polygender,21.158.67.200
763,Hewet,Bluck,hbluckl6@wikimedia.org,Male,221.135.232.63
764,Quent,Boichat,qboichatl7@walmart.com,Polygender,33.208.101.83
765,Ezri,Rojas,erojasl8@hc360.com,Male,34.195.36.169
766,Shurlocke,Casarini,scasarinil9@wiley.com,Male,89.82.206.151
767,Astrid,Grady,agradyla@hubpages.com,Genderqueer,208.232.171.246
768,Scarlett,Camilleri,scamillerilb@baidu.com,Genderqueer,134.26.41.22
769,Lona,Traske,ltraskelc@tumblr.com,Male,36.109.60.136
770,Serene,Huard,shuardld@eventbrite.com,Agender,38.58.125.46
771,Seline,O'Corhane,socorhanele@netscape.com,Polygender,239.214.225.221
772,Veradis,Curness,vcurnesslf@businessweek.com,Female,86.231.136.175
773,Melitta,D'Aulby,mdaulbylg@prnewswire.com,Genderfluid,152.76.75.35
774,Fred,Wands,fwandslh@boston.com,Genderqueer,67.232.176.197
775,Gisela,Jonson,gjonsonli@about.me,Genderfluid,119.2.104.42
776,Sebastiano,Dimock,sdimocklj@ucoz.ru,Female,198.240.23.188
777,Rocky,Downe,rdownelk@istockphoto.com,Bigender,253.9.31.206
778,Ladonna,Fidler,lfidlerll@kickstarter.com,Genderfluid,27.39.237.38
779,Candi,Braunle,cbraunlelm@histats.com,Non-binary,136.200.133.169
780,Joachim,Garioch,jgariochln@twitpic.com,Genderqueer,139.113.239.61
781,Stefanie,Peris,sperislo@ted.com,Polygender,57.24.92.202
782,Mayer,Avo,mavolp@ft.com,Genderfluid,79.124.97.208
783,Bar,Beavis,bbeavislq@princeton.edu,Polygender,66.156.172.225
784,Ari,Cawthra,acawthralr@nationalgeographic.com,Non-binary,196.243.246.76
785,Jodi,Scawton,jscawtonls@behance.net,Non-binary,162.187.170.191
786,Adams,Chater,achaterlt@about.me,Genderqueer,114.130.94.141
787,Jazmin,Willingam,jwillingamlu@reverbnation.com,Polygender,86.216.162.97
788,Julia,Stagg,jstagglv@army.mil,Polygender,64.50.216.0
789,Quintus,Sabati,qsabatilw@squarespace.com,Non-binary,156.120.240.44
790,Pippa,Muro,pmurolx@multiply.com,Bigender,234.40.129.63
791,Gusti,Brewse,gbrewsely@slideshare.net,Non-binary,171.58.49.77
792,Lay,Stidson,lstidsonlz@narod.ru,Genderfluid,4.37.36.18
793,Eduard,Roney,eroneym0@dyndns.org,Bigender,213.86.103.184
794,Elise,Cropton,ecroptonm1@ifeng.com,Polygender,145.107.74.86
795,Muire,Poulsen,mpoulsenm2@networksolutions.com,Genderqueer,20.177.219.38
796,Willis,Messham,wmesshamm3@ucla.edu,Genderfluid,245.11.66.104
797,Kakalina,Sutherington,ksutheringtonm4@booking.com,Genderfluid,33.23.179.50
798,Ariana,Mityashin,amityashinm5@ebay.com,Agender,20.79.229.112
799,Hewe,Chown,hchownm6@about.me,Polygender,36.113.99.92
800,Wit,Kopfen,wkopfenm7@csmonitor.com,Non-binary,31.56.115.41
801,Jan,Lechelle,jlechellem8@statcounter.com,Non-binary,146.47.189.180
802,Shellie,Ismay,sismaym9@unc.edu,Bigender,109.51.137.250
803,Gasper,Diloway,gdilowayma@yale.edu,Male,250.228.116.227
804,Papagena,Poveleye,ppoveleyemb@qq.com,Bigender,222.151.220.91
805,Hayden,McKimm,hmckimmmc@unesco.org,Non-binary,126.13.88.114
806,Lucienne,Pyffe,lpyffemd@jugem.jp,Female,3.127.187.59
807,Shea,Kestian,skestianme@macromedia.com,Polygender,190.185.32.236
808,Krista,Wain,kwainmf@forbes.com,Female,98.116.96.144
809,Simonne,Durbann,sdurbannmg@bizjournals.com,Genderqueer,248.117.46.99
810,Bryce,Grattage,bgrattagemh@goo.gl,Non-binary,114.16.29.209
811,Irita,Donnelly,idonnellymi@dion.ne.jp,Polygender,112.163.38.134
812,Allys,Uman,aumanmj@stanford.edu,Genderfluid,147.3.136.115
813,Analise,Rookwell,arookwellmk@ovh.net,Female,158.21.53.85
814,Babb,Joust,bjoustml@typepad.com,Genderqueer,186.19.184.240
815,Frankie,Pinare,fpinaremm@flickr.com,Polygender,15.71.30.226
816,Caryn,Gomer,cgomermn@nasa.gov,Genderqueer,81.53.243.119
817,Carita,Ashlin,cashlinmo@furl.net,Female,218.172.165.233
818,Gladys,Beetles,gbeetlesmp@harvard.edu,Male,2.157.73.11
819,Marcus,Trematick,mtrematickmq@gravatar.com,Genderqueer,153.12.62.202
820,Maren,Pinnell,mpinnellmr@senate.gov,Non-binary,60.55.21.74
821,Benyamin,Daintrey,bdaintreyms@yellowbook.com,Genderqueer,146.4.54.224
822,Hakeem,Beynon,hbeynonmt@thetimes.co.uk,Agender,27.159.78.227
823,Richie,Oldman,roldmanmu@icq.com,Agender,89.216.60.107
824,Anderea,Trustie,atrustiemv@bbc.co.uk,Bigender,183.201.28.198
825,Shannon,Rubie,srubiemw@shop-pro.jp,Polygender,144.170.33.75
826,Sharai,Grimster,sgrimstermx@amazonaws.com,Genderfluid,244.202.214.246
827,Ryon,Houlahan,rhoulahanmy@wired.com,Bigender,98.122.88.150
828,Malvin,Ivakhnov,mivakhnovmz@toplist.cz,Male,247.141.184.222
829,Halie,Instrell,hinstrelln0@foxnews.com,Agender,173.91.5.85
830,Jodi,Aronin,jaroninn1@wufoo.com,Non-binary,159.255.41.124
831,Ham,McCallion,hmccallionn2@rakuten.co.jp,Male,14.81.29.103
832,Sydel,Shafto,sshafton3@yandex.ru,Genderqueer,177.244.85.33
833,Gaye,Manoelli,gmanoellin4@jugem.jp,Female,182.184.57.17
834,Rudolfo,Dever,rdevern5@mit.edu,Male,24.132.39.57
835,Skippie,Hinchon,shinchonn6@techcrunch.com,Female,241.97.243.99
836,Gwendolyn,O'Scannill,goscannilln7@dagondesign.com,Male,47.206.95.183
837,Georges,Swadlin,gswadlinn8@noaa.gov,Male,187.31.131.248
838,Teddie,Kropach,tkropachn9@yahoo.co.jp,Non-binary,96.16.115.62
839,Augustin,Stothert,astothertna@google.ca,Female,194.170.53.44
840,Ibrahim,Tomadoni,itomadoninb@cafepress.com,Female,245.149.169.238
841,Roxi,Bote,rbotenc@utexas.edu,Bigender,252.11.225.44
842,Alyssa,Hearle,ahearlend@unicef.org,Polygender,117.232.182.115
843,Paten,Brewood,pbrewoodne@domainmarket.com,Genderfluid,17.80.204.106
844,Didi,Pollicott,dpollicottnf@nature.com,Agender,152.131.84.133
845,Leonora,Gaitskill,lgaitskillng@guardian.co.uk,Female,63.209.248.91
846,Aksel,Turley,aturleynh@cnet.com,Polygender,100.82.126.188
847,Jessy,Denington,jdeningtonni@bizjournals.com,Non-binary,134.86.169.39
848,Dominique,Dmitrievski,ddmitrievskinj@si.edu,Agender,62.83.165.15
849,Udell,Campelli,ucampellink@google.co.jp,Male,61.62.220.224
850,Allan,Balk,abalknl@blogspot.com,Genderqueer,190.70.236.205
851,Susanna,Doward,sdowardnm@state.tx.us,Non-binary,84.76.10.47
852,Monah,MacGeffen,mmacgeffennn@hugedomains.com,Agender,231.116.33.167
853,Angie,de Glanville,adeglanvilleno@jugem.jp,Bigender,199.157.180.133
854,Sapphira,Leavesley,sleavesleynp@chicagotribune.com,Female,235.34.88.227
855,Verena,Chorlton,vchorltonnq@xinhuanet.com,Agender,205.203.44.5
856,Wakefield,Colnet,wcolnetnr@samsung.com,Agender,202.21.56.170
857,Homere,Gillimgham,hgillimghamns@timesonline.co.uk,Non-binary,77.122.16.102
858,Timmy,Ulyatt,tulyattnt@yellowpages.com,Agender,191.68.47.114
859,Cassaundra,Van Niekerk,cvanniekerknu@flavors.me,Genderqueer,132.55.245.226
860,Vassily,Annetts,vannettsnv@google.com.au,Genderfluid,105.171.133.71
861,Easter,Grouse,egrousenw@buzzfeed.com,Agender,228.49.161.157
862,Casi,Coldbreath,ccoldbreathnx@geocities.com,Male,119.25.68.38
863,L;urette,Beacock,lbeacockny@ucsd.edu,Genderqueer,71.198.178.180
864,Aurel,Andrew,aandrewnz@printfriendly.com,Agender,185.127.230.86
865,Garrot,Helix,ghelixo0@pagesperso-orange.fr,Female,191.139.204.241
866,Jasmine,Laban,jlabano1@delicious.com,Female,168.76.64.140
867,Ezekiel,Ruscoe,eruscoeo2@dyndns.org,Genderfluid,82.60.168.230
868,Kamillah,Tatford,ktatfordo3@quantcast.com,Genderqueer,202.103.140.125
869,Allayne,Yakebovich,ayakebovicho4@4shared.com,Genderfluid,42.145.77.42
870,Karin,Connechy,kconnechyo5@tinyurl.com,Genderfluid,83.153.186.246
871,Ailsun,Elacoate,aelacoateo6@ed.gov,Bigender,193.222.56.22
872,Giacomo,Trengove,gtrengoveo7@printfriendly.com,Non-binary,163.87.154.70
873,Doe,Smyth,dsmytho8@amazon.co.uk,Female,242.165.213.35
874,Yehudit,Askwith,yaskwitho9@sourceforge.net,Bigender,212.139.85.72
875,Laurens,Seedhouse,lseedhouseoa@xinhuanet.com,Genderqueer,66.6.114.72
876,Aila,Backhurst,abackhurstob@weather.com,Bigender,161.251.214.20
877,Kristyn,Figura,kfiguraoc@dyndns.org,Female,128.122.119.204
878,Daryl,Woodeson,dwoodesonod@tinypic.com,Polygender,199.229.213.139
879,Gunner,Mackleden,gmackledenoe@economist.com,Genderqueer,149.236.122.186
880,Octavius,Hasley,ohasleyof@earthlink.net,Male,30.195.230.184
881,Margaretta,Seyler,mseylerog@g.co,Female,114.162.12.3
882,Kacey,Treend,ktreendoh@amazonaws.com,Female,162.13.151.185
883,Ana,Hark,aharkoi@123-reg.co.uk,Male,185.209.221.192
884,Dorella,Concannon,dconcannonoj@ucoz.ru,Male,168.11.27.200
885,Octavia,Otson,ootsonok@sitemeter.com,Agender,225.95.220.145
886,Dante,Cassella,dcassellaol@seesaa.net,Genderfluid,102.114.138.65
887,Vick,Colbridge,vcolbridgeom@ibm.com,Non-binary,220.196.178.126
888,Amby,Le Brun,alebrunon@spotify.com,Genderqueer,105.105.235.211
889,Rae,Maffulli,rmaffullioo@imdb.com,Agender,15.246.134.43
890,Mead,Levay,mlevayop@home.pl,Agender,87.46.103.64
891,Stinky,Newart,snewartoq@sphinn.com,Female,145.71.76.241
892,Jarrad,Cardozo,jcardozoor@cnn.com,Male,40.34.14.121
893,Ado,Thominga,athomingaos@weebly.com,Non-binary,62.147.230.193
894,Agnese,Lammerding,alammerdingot@tmall.com,Genderfluid,173.247.177.5
895,Alix,Milella,amilellaou@woothemes.com,Non-binary,46.195.154.35
896,Gardy,Hillum,ghillumov@amazon.co.jp,Genderqueer,88.143.136.28
897,Gwen,Huton,ghutonow@360.cn,Bigender,180.133.35.172
898,Dalton,Rotchell,drotchellox@adobe.com,Male,61.215.126.157
899,Rolfe,Crocetto,rcrocettooy@w3.org,Non-binary,151.211.151.112
900,Virgie,Bonnick,vbonnickoz@google.ru,Polygender,35.36.232.114
901,Addie,Golda,agoldap0@ask.com,Genderqueer,201.41.59.86
902,Quinton,Cinelli,qcinellip1@1und1.de,Female,190.154.251.114
903,Chrystel,Bagniuk,cbagniukp2@slideshare.net,Male,55.234.138.114
904,Emmalyn,Yusupov,eyusupovp3@dell.com,Female,111.140.149.10
905,Rozelle,Ruffli,rrufflip4@bluehost.com,Polygender,159.209.184.46
906,Jasmine,Waldera,jwalderap5@yahoo.com,Bigender,164.30.55.20
907,Janine,Caron,jcaronp6@globo.com,Female,253.104.167.134
908,Calla,Grollmann,cgrollmannp7@google.es,Female,225.208.98.173
909,Lee,Braunston,lbraunstonp8@amazonaws.com,Genderfluid,28.163.125.191
910,Pennie,Wilcinskis,pwilcinskisp9@youku.com,Genderqueer,9.102.123.239
911,Erny,Arger,eargerpa@gravatar.com,Agender,7.7.212.66
912,Shela,Grigorey,sgrigoreypb@mapquest.com,Non-binary,62.180.202.203
913,Arlee,Kinloch,akinlochpc@phoca.cz,Bigender,225.52.133.212
914,Aron,Suero,asueropd@va.gov,Agender,212.171.77.165
915,Bond,Dugall,bdugallpe@domainmarket.com,Female,131.232.52.23
916,Camellia,Smardon,csmardonpf@theglobeandmail.com,Genderfluid,122.240.210.189
917,Crista,Camamill,ccamamillpg@hatena.ne.jp,Male,84.68.124.130
918,Clara,Postles,cpostlesph@ocn.ne.jp,Female,39.123.209.212
919,Pietro,Boole,pboolepi@multiply.com,Bigender,188.81.149.93
920,Randy,Ballintyne,rballintynepj@ebay.co.uk,Female,215.253.62.23
921,Trever,Breeds,tbreedspk@yale.edu,Bigender,144.255.88.23
922,Fredrick,Markel,fmarkelpl@dell.com,Agender,209.93.16.190
923,Joli,Everitt,jeverittpm@soup.io,Polygender,60.240.126.69
924,Wendall,Matfin,wmatfinpn@comsenz.com,Agender,142.28.188.253
925,Georgia,Sandifer,gsandiferpo@samsung.com,Female,186.116.57.236
926,Durant,Barke,dbarkepp@prweb.com,Bigender,231.220.139.34
927,Eudora,Plackstone,eplackstonepq@go.com,Female,219.191.218.203
928,Ninnette,Cotterrill,ncotterrillpr@slideshare.net,Male,156.207.146.182
929,Inglebert,Mustarde,imustardeps@ucoz.com,Genderqueer,228.52.21.116
930,Kirby,O'Day,kodaypt@google.es,Male,106.234.20.144
931,Zeb,Wincom,zwincompu@wufoo.com,Male,86.235.4.196
932,Ronny,Hollidge,rhollidgepv@slideshare.net,Agender,5.82.41.148
933,Valeda,Dosdell,vdosdellpw@twitpic.com,Genderqueer,75.216.26.110
934,Roby,Rablan,rrablanpx@marketwatch.com,Genderfluid,61.46.111.186
935,Hughie,Shaw,hshawpy@unblog.fr,Agender,6.82.169.162
936,Arin,Blasing,ablasingpz@blogspot.com,Genderqueer,236.241.204.214
937,Jessee,MacNish,jmacnishq0@elpais.com,Male,155.190.156.226
938,Margaretta,Danovich,mdanovichq1@ebay.co.uk,Polygender,232.218.123.200
939,Livvy,Austing,laustingq2@bing.com,Genderqueer,129.20.119.113
940,Linzy,Pietzner,lpietznerq3@pagesperso-orange.fr,Polygender,244.245.98.25
941,Rodolphe,Hunting,rhuntingq4@sakura.ne.jp,Genderqueer,234.121.179.198
942,King,Ternott,kternottq5@bbc.co.uk,Genderfluid,1.250.142.83
943,Kathi,Shovelin,kshovelinq6@dailymail.co.uk,Female,60.112.82.10
944,Patrizius,Emm,pemmq7@cdc.gov,Male,35.94.168.43
945,Liana,Flemming,lflemmingq8@archive.org,Male,231.227.121.195
946,Rosabella,Lambdon,rlambdonq9@omniture.com,Female,67.68.192.15
947,Alta,Amar,aamarqa@canalblog.com,Bigender,35.42.177.88
948,Dick,Barracks,dbarracksqb@google.pl,Female,217.156.218.221
949,Carolee,Quarles,cquarlesqc@fastcompany.com,Male,108.192.248.40
950,Avigdor,Prichet,aprichetqd@smh.com.au,Bigender,188.129.15.98
951,Inge,Vasey,ivaseyqe@marriott.com,Female,41.91.234.73
952,Erna,Hartfleet,ehartfleetqf@timesonline.co.uk,Male,87.14.171.169
953,Emera,Kohrding,ekohrdingqg@t.co,Bigender,79.7.233.252
954,Ingram,Cope,icopeqh@statcounter.com,Bigender,205.114.70.116
955,Johannah,Leadbeater,jleadbeaterqi@ameblo.jp,Genderfluid,215.64.11.203
956,Stacie,Trodden,stroddenqj@tinypic.com,Genderqueer,250.73.52.146
957,Carolin,Spellecy,cspellecyqk@joomla.org,Bigender,220.16.212.128
958,Erin,Bradwell,ebradwellql@jigsy.com,Female,27.35.87.38
959,Regina,Liles,rlilesqm@comsenz.com,Male,111.14.23.144
960,Carrissa,Duguid,cduguidqn@stanford.edu,Genderfluid,105.81.47.170
961,Rufe,Boneham,rbonehamqo@skype.com,Bigender,255.70.32.185
962,Sebastiano,Darree,sdarreeqp@oaic.gov.au,Agender,230.107.148.250
963,Marley,Claus,mclausqq@kickstarter.com,Non-binary,176.229.8.26
964,Cal,Atcock,catcockqr@gnu.org,Non-binary,11.58.23.218
965,Pincas,Eagles,peaglesqs@lulu.com,Male,245.62.88.127
966,Charin,Nurse,cnurseqt@imdb.com,Polygender,79.68.63.196
967,Martie,Baalham,mbaalhamqu@state.gov,Non-binary,248.160.93.207
968,Pieter,Bartell,pbartellqv@networksolutions.com,Bigender,214.120.212.178
969,Sonya,Newvell,snewvellqw@youku.com,Bigender,25.103.135.160
970,Ginelle,Wanden,gwandenqx@weebly.com,Polygender,41.135.9.47
971,Blake,Annwyl,bannwylqy@imgur.com,Male,206.151.76.66
972,Gwen,Egell,gegellqz@noaa.gov,Male,172.128.202.175
973,Si,Thow,sthowr0@rambler.ru,Male,144.233.184.252
974,Etta,Waddie,ewaddier1@yahoo.co.jp,Genderfluid,238.186.156.243
975,Jessika,Dimmack,jdimmackr2@europa.eu,Non-binary,234.25.141.8
976,Yettie,Ohrtmann,yohrtmannr3@flickr.com,Agender,184.18.187.4
977,Der,Ferrieroi,dferrieroir4@pinterest.com,Female,98.36.134.179
978,Harriette,Jacob,hjacobr5@hexun.com,Female,117.188.237.237
979,Tyne,Bondesen,tbondesenr6@smugmug.com,Polygender,139.96.155.138
980,Kennith,Baraja,kbarajar7@artisteer.com,Genderfluid,20.162.252.233
981,Etienne,Garner,egarnerr8@mashable.com,Non-binary,192.47.238.252
982,Maribeth,Olrenshaw,molrenshawr9@uol.com.br,Bigender,195.225.214.112
983,Kerrin,Wilshaw,kwilshawra@ovh.net,Genderqueer,44.134.130.55
984,Maxi,Warden,mwardenrb@redcross.org,Bigender,78.48.228.174
985,Meggy,Harrap,mharraprc@a8.net,Genderqueer,225.213.199.179
986,Jeremy,Acarson,jacarsonrd@gizmodo.com,Agender,36.190.200.207
987,Katlin,Vennart,kvennartre@spotify.com,Genderqueer,253.11.127.90
988,Marthena,Posen,mposenrf@163.com,Genderfluid,6.197.224.187
989,Gideon,Wrate,gwraterg@ow.ly,Genderqueer,135.77.108.163
990,Earvin,Fery,eferyrh@imdb.com,Agender,231.142.67.61
991,Lynda,Pregel,lpregelri@youtu.be,Bigender,198.44.93.252
992,Nisse,Eagles,neaglesrj@last.fm,Male,60.162.87.108
993,Ignazio,Pentelow,ipentelowrk@statcounter.com,Non-binary,119.252.67.244
994,Parsifal,Assante,passanterl@rediff.com,Genderqueer,16.138.169.200
995,Byran,Habron,bhabronrm@sphinn.com,Female,46.9.60.196
996,Jilli,Diem,jdiemrn@instagram.com,Genderfluid,39.254.250.95
997,Jess,Chantrell,jchantrellro@forbes.com,Genderqueer,212.164.202.15
998,Danika,Lackington,dlackingtonrp@hostgator.com,Non-binary,182.202.126.194
999,Immanuel,Burtwhistle,iburtwhistlerq@smh.com.au,Polygender,50.81.212.58
1000,Orel,Goldsberry,ogoldsberryrr@ftc.gov,Polygender,174.59.171.185
